Student_ID,Days_Attended,Days_Missed,Absence_Reason
ccf3a171-56dc-4907-ba6c-34ab6712303a,95,0,Full Attendance
310c0c00-3fa7-4104-9bf9-0e27dc96925e,95,0,Full Attendance
23e2fcb4-72d8-467d-894a-05e430b187ef,95,0,Full Attendance
766ecb15-474e-4c19-aef9-12766c006f61,95,0,Full Attendance
134c6c92-ec5b-427c-9fde-4fbf3ff350bf,95,0,Full Attendance
db20a56e-dc81-4fe7-8eda-8bbb71710434,95,0,Full Attendance
a6f2f7b8-0cf3-4b58-9910-8be58ce21ea3,95,0,Full Attendance
03c72ba8-d605-4770-8a63-f881ffd0f9d5,95,0,Full Attendance
c0e9ab30-ed26-42e9-97e0-11b7f8102383,95,0,Full Attendance
680ac07a-2a93-4d62-bc83-5dc0d9441fa5,95,0,Full Attendance
dd59ba71-36b8-4481-bb3a-4e3e7c52fa17,95,0,Full Attendance
2a25a888-0f02-4ad0-a706-7ef466aa9385,95,0,Full Attendance
63f2ae24-fc3d-4348-808d-4127610461e3,95,0,Full Attendance
c8fe3ccd-c8b8-49c6-ad30-49cf43e458fc,95,0,Full Attendance
b253d218-6c4a-47ea-8906-17f2747b6dba,95,0,Full Attendance
c88a618e-fed4-457d-bb02-6576f512c4c3,95,0,Full Attendance
7c967f79-b7e9-4aca-a970-65e18e46d534,95,0,Full Attendance
37bb3eec-4bf5-4b52-b09d-258c27a0c3d7,95,0,Full Attendance
bc594585-9445-48c0-8ef8-c2d6f7fd5646,95,0,Full Attendance
504867ba-bf7b-439b-8f9a-ea4b8acd4e10,95,0,Full Attendance
7a0ecfea-958c-49ba-8cd6-20c20ea2622b,95,0,Full Attendance
87f7e1fb-da4b-49ca-ab5c-f46780bacd64,95,0,Full Attendance
82010c62-f5f5-4b22-8e8f-a8e0284d82e5,95,0,Full Attendance
118a9d29-2f92-4996-99f1-95d014822f53,95,0,Full Attendance
dca02eec-acda-4acc-9165-e21098543881,95,0,Full Attendance
f10c718b-1eb0-438a-a75d-d5af3c365296,95,0,Full Attendance
94340a03-3f07-4814-91d6-3f78e3e9de99,95,0,Full Attendance
14fcdd54-9e8f-4965-8a2c-827e98326856,95,0,Full Attendance
90b2b633-956b-4c0c-a849-9b926b5252e3,95,0,Full Attendance
42c18a62-ef48-48d5-90fd-9d3f85d51695,95,0,Full Attendance
506e5a9a-b758-488d-ab73-295b344a54b8,95,0,Full Attendance
21813d25-6552-48a6-83ff-50113d1a85dd,95,0,Full Attendance
750cab75-4ccc-4bc2-a53f-8a28abf3e3fc,95,0,Full Attendance
ef8c485b-c07a-40f2-add4-253b50f0fd0a,95,0,Full Attendance
9f044aed-7552-4327-8262-7f7312922f83,95,0,Full Attendance
19985f15-ff00-4d4d-9020-59e4ff9ab5c2,95,0,Full Attendance
8181a8cc-3691-47eb-89a2-688b12c136e0,95,0,Full Attendance
5958a499-eeea-463e-a1e8-ac6843e42caf,95,0,Full Attendance
3e896c64-e117-4ac3-919c-4ea3e1805081,95,0,Full Attendance
702cdd20-2862-48b8-88f4-ef125e9953d2,95,0,Full Attendance
4d71c366-b41b-4143-8b10-550cd5704f32,95,0,Full Attendance
ce9e1a11-fcbb-4e59-bbdd-cf7c9c96e9ec,95,0,Full Attendance
aaf91531-0200-41f0-8768-a84fa76afde6,95,0,Full Attendance
ee87905e-4ca4-45ea-8dfa-6a56d12dbc9a,95,0,Full Attendance
e0ccedc5-f05d-476e-9a84-a51aa9d3d7c7,95,0,Full Attendance
e3c43657-1d8c-4bac-83b4-09ef2260e70f,95,0,Full Attendance
27cb6f2a-8da0-4097-be0f-051b1b66b5a9,95,0,Full Attendance
35ebd32d-9ad6-40ab-8821-2ddb45b89cd9,95,0,Full Attendance
afffcfd2-341e-440b-97c7-00aab7b56ea7,95,0,Full Attendance
81627cf1-4394-42e6-9a58-7e8aa25d6b29,95,0,Full Attendance
e87d1c78-e7c4-41c7-8049-7b717d106c60,95,0,Full Attendance
a2607723-17a0-4f49-8d01-280fd89a40c0,95,0,Full Attendance
0b49452d-46d4-43f3-9450-281c6c6f7633,95,0,Full Attendance
217d65a0-c568-41cd-9563-f61600e85ece,95,0,Full Attendance
295d6fbf-430f-401d-bad4-09e2a319dcb4,95,0,Full Attendance
b4a69f3c-8d3a-4d99-b11c-21c9bdc14f1f,95,0,Full Attendance
1ca3c448-0279-46a6-8f97-97b06d7ce3c9,95,0,Full Attendance
b0e6a969-e213-42b0-b1ee-dba313432e61,95,0,Full Attendance
093923de-8bab-4e3b-a628-6bfbe767dcea,95,0,Full Attendance
8d7248e2-951f-48d0-9e84-f058d5a804eb,95,0,Full Attendance
0ab54bde-20a0-4502-ae06-809725e97977,95,0,Full Attendance
eededb07-e623-4689-9d59-cd2a4eea04e7,95,0,Full Attendance
0a368ce7-dc57-4131-b8e1-daa7cbceabde,95,0,Full Attendance
ae9bec36-35c7-436c-9b99-62c6e61fecc0,95,0,Full Attendance
5a8aaeca-1a50-4ec3-aabc-25fa3fe12e47,95,0,Full Attendance
dfed2c43-e256-46dc-8f54-86b7c7b5b2bc,95,0,Full Attendance
bfddc3d9-9ee3-4c2a-b94d-62046808593f,95,0,Full Attendance
3c9ad14c-ee0c-4eb5-acfe-db992790cebd,95,0,Full Attendance
ccc56569-f9e8-4369-a999-b735dd56cc94,95,0,Full Attendance
698c206f-e1a4-4e10-ad53-4dd0cf8ebc5a,95,0,Full Attendance
ecab3301-bc8f-4d29-adea-94930658663a,95,0,Full Attendance
696608aa-ee49-4329-884a-7b28550a1b46,95,0,Full Attendance
bc2cbb0d-dd33-4cc7-ab7f-089acd5f4822,95,0,Full Attendance
28c13091-444d-410b-bf87-e362cf8d446a,95,0,Full Attendance
61ee411a-1bac-47a7-b386-f7a4c991603f,95,0,Full Attendance
787f2425-dbcc-4477-89e9-db0adf465290,95,0,Full Attendance
eb1fa9f2-d10b-41d0-b317-347038f16a81,95,0,Full Attendance
d20eac17-4e20-4d1a-9983-36e375d66ed4,95,0,Full Attendance
39118497-3a43-42ba-9f0f-06cbcb9bc326,95,0,Full Attendance
6601ddd0-3170-4437-a8f7-ef5a060edf5b,95,0,Full Attendance
11c58ef0-dd46-4c09-8752-87aa5408f9ac,95,0,Full Attendance
59e4b671-4774-4c58-85f8-bc16f7860b50,95,0,Full Attendance
adf4e62d-6651-429e-8268-690ba43825b5,95,0,Full Attendance
54c63cd8-8945-4f27-97fa-2d8dfb2ca025,95,0,Full Attendance
e08596db-1d87-4966-8710-d430f071d879,95,0,Full Attendance
94a1875d-2db6-4edb-82de-ffccf86c2ca2,95,0,Full Attendance
09cb3942-43f5-4a85-bbc9-f87af668a617,85,10,Family Event
587ef344-6f3f-420c-98b8-e4cc1bc044fc,95,0,Full Attendance
6fb78271-504d-481f-8953-5b63ba81edd9,95,0,Full Attendance
1d9af659-82ec-4f2d-bbf6-e16f9b3080d5,95,0,Full Attendance
30a900ad-939b-462d-a645-f129629c2ae3,95,0,Full Attendance
6fa17735-b572-43d0-8b5c-ea6a41357e8c,95,0,Full Attendance
ce777f00-ecf2-4e76-8519-7ff4006ed6e3,95,0,Full Attendance
f0b5156b-b82c-4074-afd5-dea589d7fd6c,95,0,Full Attendance
3270e4fa-abae-4f43-bcae-8081bdf070aa,95,0,Full Attendance
f2e9702d-11e9-4daa-ae69-81a35d3d9e56,95,0,Full Attendance
9f871ce7-5487-4d4f-abb7-a385aa0b7b14,95,0,Full Attendance
1fe771d6-d917-4793-a9d3-c2e6505cc686,95,0,Full Attendance
81d2c7de-4ce1-4b90-a669-7833b841d0a0,95,0,Full Attendance
5380b904-688c-4015-aab9-7e494f2d4796,95,0,Full Attendance
8dedf9fb-4bb0-4f20-b27c-40266703b636,95,0,Full Attendance
aa38d0a1-6ba2-4efe-b11c-6eb62095eef6,95,0,Full Attendance
bf85bf0e-ad64-456c-a10f-aa3ff0bbac67,95,0,Full Attendance
91b0e1d9-9d92-42af-ac8d-0e44e71e43a6,95,0,Full Attendance
d56f0350-8c45-4ce2-a7f4-8ad54d0b0d1a,95,0,Full Attendance
35ce8841-4973-4d6c-8dca-bfb7001a9a8b,95,0,Full Attendance
9b4e2c24-9479-41e6-8927-7d9b6e0d2648,95,0,Full Attendance
7118e364-7709-4749-927e-ecfaa79ac9aa,95,0,Full Attendance
82dc4c8e-36b5-429a-acf5-e81e71316269,95,0,Full Attendance
f5b78cc7-e6b3-4944-8b32-3e357922bac2,95,0,Full Attendance
a8aa7158-2b70-4525-bc67-f831cbc84759,95,0,Full Attendance
a9f25336-83f4-49a9-88a6-39d015b52908,95,0,Full Attendance
17e8392a-55ce-45db-9e87-e04ca2086977,95,0,Full Attendance
3c20592f-c04a-46c4-b3b6-3fe1d1843324,95,0,Full Attendance
ce7ae7f6-3982-4cff-8f77-a665ac3c5640,95,0,Full Attendance
0bd4a990-0640-4e0f-a5b8-fd4b32fa2de8,95,0,Full Attendance
9c7c7377-79a2-4903-bbe3-3b243eae0032,95,0,Full Attendance
74962764-12a4-4ef0-84bb-b7a9d98868dd,95,0,Full Attendance
935f2b0a-a138-4ddc-a2d9-de5d6a18ce4c,95,0,Full Attendance
624c69b6-b244-45a7-b7e5-848131c681ec,95,0,Full Attendance
25c73c44-3e75-43b4-a64f-a6637e8f8095,95,0,Full Attendance
e4855aa1-016b-4287-b008-05cca7f36ae9,95,0,Full Attendance
e2add909-c521-4f2d-9c45-d539c03f3538,95,0,Full Attendance
3805f907-6cd6-4193-8746-8f591b494e15,95,0,Full Attendance
b227462c-f53d-4330-8dda-24ba2d06e8cf,95,0,Full Attendance
8eb22579-0cdb-4ca4-b6ec-bdd68498e113,95,0,Full Attendance
1f115b76-d92c-4227-aadf-50853fcb7546,95,0,Full Attendance
76f2dbfe-cd29-436f-a222-82e174daaebf,95,0,Full Attendance
8f15ba58-fce6-4504-87f8-424daae65fc1,95,0,Full Attendance
c1581092-f335-4ba3-913a-7052986f9025,95,0,Full Attendance
d0a44432-9cd6-4852-b14c-7df4e4347d51,95,0,Full Attendance
6d3ee1dc-8139-4443-a45b-712eb8225688,95,0,Full Attendance
722764e6-8c41-461b-a827-a1b9d4a02e53,95,0,Full Attendance
dc8aee30-be60-43f7-a8be-9288e5af6e39,95,0,Full Attendance
c074718e-425a-409f-b337-c59979844388,95,0,Full Attendance
46fde062-a33d-47af-9701-410d3f4b1a70,95,0,Full Attendance
7c0e8cd8-8573-4793-8715-b2b9c40c5d91,95,0,Full Attendance
709b7d97-464c-44af-bd3f-3799a07295e9,95,0,Full Attendance
3c07c574-4925-4af1-b6aa-e05b13d5f2f7,95,0,Full Attendance
e49d681d-51d8-4c64-95fa-1ab8458f1f19,95,0,Full Attendance
269cd696-236c-4b87-94a0-bccb8a476a87,95,0,Full Attendance
271e3ee2-b1a6-41f1-a20e-99d33b33f3d8,95,0,Full Attendance
6a34c854-1071-4d51-b6c5-9dacb4d7e28e,95,0,Full Attendance
7746d0ba-8ae8-405b-94b4-a48268586eba,95,0,Full Attendance
d5385b0e-34f3-493c-8ff0-a55c6a702e2f,95,0,Full Attendance
c51155ff-e7a3-4e81-a3b4-c08b6b8e869f,95,0,Full Attendance
05000bc6-b20d-4b6e-b231-1f1795863a76,95,0,Full Attendance
9360715f-c3fe-4183-a172-b725db52ca58,95,0,Full Attendance
f1578470-0182-47c4-ba1b-58066160a6b4,95,0,Full Attendance
63d62a39-c0e3-4efd-8c71-e0fe5a0cdd7c,95,0,Full Attendance
d5f25073-f414-42b1-a442-9ebbda7b9095,95,0,Full Attendance
bc10fa52-bf5d-4fdf-89c8-d2ab6b44fa8d,95,0,Full Attendance
e5d6f6e6-9a6e-42f5-8cc4-29038bcf53a1,95,0,Full Attendance
45df16b6-382c-443f-bcfc-9b793875394c,95,0,Full Attendance
638c254c-076e-4bba-bc53-08bf6f92f25e,95,0,Full Attendance
cc530e36-addc-4e13-ab3b-4d37560c95ee,95,0,Full Attendance
d72b6108-2a40-4f12-b963-f37f67814c1f,95,0,Full Attendance
fb10987f-20ac-4703-ab67-146a77a6e17c,95,0,Full Attendance
e82c7d7b-06e7-45f9-88bc-539c9f4c3b79,95,0,Full Attendance
a9ba5a27-907b-4e36-9786-48f864de82e6,95,0,Full Attendance
6db99102-a48b-4dbe-957d-94a106f028ff,95,0,Full Attendance
2e85cb21-7631-4e9d-9de9-f86322bd3388,95,0,Full Attendance
53cd6268-610c-4373-8299-9aa40cdf742b,95,0,Full Attendance
56666f9f-53ac-4ab9-b467-2cd9362f5e5c,95,0,Full Attendance
473bd358-610e-4a64-a130-1617c2dff335,95,0,Full Attendance
6bebac31-d4f8-4d72-b382-1cfdc083b73a,95,0,Full Attendance
78660765-14f7-4e8d-95bc-b8d04094dded,95,0,Full Attendance
0d557b61-8a17-4dfe-bfc0-0dc804f64d86,95,0,Full Attendance
39669fa7-5997-4043-b3b1-025bfff9f585,95,0,Full Attendance
f510ab53-c7fe-439f-9190-f938a66fd7f7,95,0,Full Attendance
07f194f9-c115-4d6d-8a4e-5b70a6d964a3,95,0,Full Attendance
d6d7b3b8-3309-4d35-bf4d-f561f319c125,95,0,Full Attendance
3d114802-2702-478b-9f0f-da8d05379ff6,95,0,Full Attendance
1d48a071-ab61-47b1-b93b-4c3220500494,95,0,Full Attendance
770c7798-37cc-463b-b2a0-345990604f62,95,0,Full Attendance
5e6fea07-c453-4f1d-8199-2fdfb31022f0,95,0,Full Attendance
f6b751f7-9b74-4245-9b1b-c8952af43ab7,95,0,Full Attendance
c71d5e60-1d52-46ab-b7e6-427cbf780e3f,95,0,Full Attendance
4fa03f26-f6f7-40cc-a9ec-8e49d1bdb8c0,95,0,Full Attendance
edcb8cb6-0692-4c63-9424-aed51bac5c15,95,0,Full Attendance
e87466d7-ad66-41bd-9367-6a024fdc6e1b,95,0,Full Attendance
f1043785-658b-4523-a014-1de9f54ad0a2,95,0,Full Attendance
9793b9b4-1374-4146-b2c5-bd89b70b3420,95,0,Full Attendance
3e2b6091-a092-452a-94a0-57a7b0cc1b3b,95,0,Full Attendance
4d3485c5-c5c1-4eb4-b27b-3d901a16342c,95,0,Full Attendance
ce3714af-99b4-4350-af2b-99b4d9acd158,95,0,Full Attendance
90e0f4a0-fbdd-4933-8bd5-8bf61efd76e9,95,0,Full Attendance
8861fe18-58e2-4888-8a83-81bec85aca46,95,0,Full Attendance
11a72609-5edd-4bbf-a959-76636daa2e68,95,0,Full Attendance
033d2bce-575a-4d2c-a5c5-650c8186a576,95,0,Full Attendance
7d7ddbed-d284-476c-ab88-f83dd97dc9cd,95,0,Full Attendance
5cb85aed-f5f6-4c97-aefb-63b11b049863,95,0,Full Attendance
75b17a55-d426-4982-a43e-4288a2b5b498,95,0,Full Attendance
2d174fc9-6f7c-45ea-a72a-6d8eb5122df8,95,0,Full Attendance
a6846099-f729-4951-8591-31d2bbda0242,95,0,Full Attendance
eb6c1016-cee6-44d0-9dac-6e8345241ea6,95,0,Full Attendance
7701f7bb-7bc6-4e1f-864e-e6e389c5b31a,95,0,Full Attendance
97ac6aa8-bb24-48a3-9363-57b66f81cf4f,95,0,Full Attendance
3ed8c56c-da09-4fa0-9282-8d8044b591f7,95,0,Full Attendance
4767d76c-162f-4a24-af43-613cd4aac9a3,95,0,Full Attendance
c01f36bf-3e6d-458b-b367-c28de1b294de,95,0,Full Attendance
ab0e664e-9c3e-42d5-91e1-aa9676f72255,95,0,Full Attendance
7e8adee7-0758-4201-961e-16d16105716b,95,0,Full Attendance
7cd0129d-2e8d-4e87-9334-20e6d9d80b8d,95,0,Full Attendance
4223623b-cc3e-4dde-9ad5-cf06364d7c87,95,0,Full Attendance
989d9d4a-e15c-4666-8797-b2c957207246,95,0,Full Attendance
8e485223-46b9-4991-a14e-b70db380c73a,95,0,Full Attendance
30e912f2-f2b4-4abf-8441-aefd0299436a,95,0,Full Attendance
680bac63-b856-4035-bdc9-829015eabb27,95,0,Full Attendance
3d85de89-c217-4429-8e20-07247d137018,95,0,Full Attendance
b63b4dc3-a559-4463-b9e1-3ceab0cbc61f,95,0,Full Attendance
046a0df5-cafd-4613-b2bb-912d7da67785,95,0,Full Attendance
6786d506-38ba-4abc-8b53-05e517d2582e,95,0,Full Attendance
a9f948b2-4e63-44bb-be49-3f43b118f68d,95,0,Full Attendance
8db06746-7927-4973-9e78-1fd794e0d3ba,95,0,Full Attendance
ff233d5f-6ced-415d-9800-7c0287ea7ff5,95,0,Full Attendance
5a104129-54ae-4d1b-8ce6-424dbef59fe6,95,0,Full Attendance
4e7ed827-455a-4762-b428-a656b3ee4d3b,95,0,Full Attendance
b8a6171f-1ee3-4dc4-bb04-8a8b405bfdc9,95,0,Full Attendance
be2d740a-1e9b-43bc-90c7-c006314d3441,95,0,Full Attendance
b0ae8f08-c31e-4bbc-b36c-b62b892e6161,67,28,Insecurity
bd1531c8-3764-4bda-b108-d4482f65fafa,95,0,Full Attendance
96ef2ad6-b97e-4703-86c8-adfe7bf47042,95,0,Full Attendance
98c7472a-864e-4a13-829c-fc0cfa02eaec,95,0,Full Attendance
d52721e7-19bc-443e-bb02-bebb48729a4d,95,0,Full Attendance
5c62b3a2-3a3c-463e-8bd6-cee631b1b099,95,0,Full Attendance
b540b30e-039f-4a25-8d61-68bd2defe193,95,0,Full Attendance
0ba6eab9-4639-447b-a067-bdac88bd13d1,95,0,Full Attendance
4ac9778d-8da8-4ee4-8df5-6ac6f96b648a,95,0,Full Attendance
a34b6cf6-2053-4a42-b1af-db65b289f224,95,0,Full Attendance
1a432f0a-7daa-49f0-80b6-fce2de53790a,95,0,Full Attendance
48ca7651-92f5-4f7b-8323-d342df6a8f93,95,0,Full Attendance
5738811d-70c2-403f-ba8d-03aa782a65e0,95,0,Full Attendance
40a26c60-0d27-4659-b72a-da9b2f32751e,95,0,Full Attendance
1d34d08e-7a4c-45d4-9c99-e04cf0e98b3b,95,0,Full Attendance
7de31a51-6694-4343-90ba-58e3d2762bdc,95,0,Full Attendance
afbb411a-a123-4a8c-93b7-a88612f70c97,95,0,Full Attendance
cfa701cd-2631-400b-a6d7-94d30db95301,95,0,Full Attendance
15ce6a66-4dc8-4a1e-b2f9-e5fa90164161,95,0,Full Attendance
8edddfcd-1e52-4770-bf89-7142fe716b14,95,0,Full Attendance
989bc4da-9b37-422b-aa8a-616fc3b290d0,95,0,Full Attendance
c693da11-39c6-41ca-9e50-aa42ca6dfda1,95,0,Full Attendance
e893be3d-7354-4a6f-a160-745985c7504b,95,0,Full Attendance
96a9954f-dc33-41f9-8c1f-55ab715629ee,94,1,Insecurity
9191b363-4e2d-4645-adc7-cac7fd72b050,95,0,Full Attendance
f5c9b047-9c10-4572-8f6b-40d09efba58b,95,0,Full Attendance
c342bd2b-f295-456e-9967-5f06bd767e35,95,0,Full Attendance
43bfd931-3605-4f54-a021-c0ca3531968d,95,0,Full Attendance
3d67cde9-2834-44c0-94c8-b3b4a911d192,95,0,Full Attendance
2812859a-1337-439e-8d4f-5d272c7f0b79,95,0,Full Attendance
b07aa066-7354-45ea-a894-9b8d00af5b3a,95,0,Full Attendance
085b15fb-4a8f-4810-b84c-2f29980402a2,95,0,Full Attendance
48603b32-b4fb-4eb9-89c1-3de73b4206c5,95,0,Full Attendance
1238d630-743b-45a2-9c0f-2fcfb3f6fe0d,95,0,Full Attendance
43b9da13-ec85-4f37-bbc1-a987aff8754d,95,0,Full Attendance
96fc734d-a003-4d28-8a8f-3653c9af18f8,95,0,Full Attendance
32a447b2-ef04-457d-8dcc-c33aa9434aa0,95,0,Full Attendance
398d1ca6-8b68-40b5-9d61-fac36cd5e859,95,0,Full Attendance
44007d5a-e88d-4719-a624-2b40a5cb63a2,95,0,Full Attendance
0f44704f-1247-4a4e-a469-98e8d39e198b,95,0,Full Attendance
9854ce4e-4ebf-45c3-8ae9-b4a72a79ea68,95,0,Full Attendance
ebd34616-91b7-4d8e-9301-6989bfbbb17f,95,0,Full Attendance
77fc9703-1fd5-4423-b06c-5c5649e2623d,95,0,Full Attendance
670acc5c-b321-4f21-8dd8-eb85b04d3376,95,0,Full Attendance
8a3c3b5e-801e-41da-85b1-ed25f1533ae8,95,0,Full Attendance
9918ee46-1497-4658-b010-f7197e695d0d,95,0,Full Attendance
bc0a6a5d-6e99-4e3e-a3b1-37fc0a3450fc,95,0,Full Attendance
069f14f1-4018-4c6e-9a8c-fa3c5283aac7,95,0,Full Attendance
ac9ed156-f63f-4e41-ba9a-ca5e176132ed,95,0,Full Attendance
964db03f-9340-4fad-9c4a-d56bd6016237,95,0,Full Attendance
c3c75611-ffe3-4a49-854f-92fff366bad4,95,0,Full Attendance
9384ec2b-44fe-4cae-9248-a9a7ac1aa554,95,0,Full Attendance
2cd94cbb-c19a-458c-835b-1c8c0a4c9f7f,95,0,Full Attendance
7135f221-a6c9-437f-84da-d06a7872bdeb,64,31,Family Event
ff37d19c-2e76-428b-8735-44f9ea83bf00,95,0,Full Attendance
d0725b5c-a281-4044-af96-288295d82980,95,0,Full Attendance
785299f4-175b-498d-b814-01027de1bdfe,95,0,Full Attendance
5230dfbd-5553-42fe-a889-803e5913f9d3,95,0,Full Attendance
292bd156-db94-4570-9ac7-0ec0ab8ddeb4,95,0,Full Attendance
7ed70ed7-b194-490b-a961-929e546e035a,95,0,Full Attendance
668409e3-f1f8-443e-a99f-131849c8a43f,95,0,Full Attendance
0964fbbf-8cd3-41b0-82b0-1cfdd045dd1c,95,0,Full Attendance
409d3602-5084-4242-968b-1625746f7891,95,0,Full Attendance
c5c5b37a-f85e-46a1-9dad-09b252c21221,95,0,Full Attendance
d32e6dcd-83bc-4478-9d6a-c7b86778043b,95,0,Full Attendance
de8ede0b-a85c-4e4a-804b-6fabfcf56188,95,0,Full Attendance
0de051a6-69ca-47d2-b644-14fd8ae769ed,95,0,Full Attendance
9f64eeed-5c9d-427d-84b8-71bb300568d2,95,0,Full Attendance
71299889-a01a-4992-bf9d-3e64c1a6423b,95,0,Full Attendance
445dcc38-341c-4494-8d36-6dfcc28ebd70,95,0,Full Attendance
49bc473f-ed7b-4656-a18a-15368c99a894,95,0,Full Attendance
7c16128d-b2c0-4394-a17f-29e170286046,95,0,Full Attendance
a14923c2-f920-464c-8763-fcd01f15c7b6,95,0,Full Attendance
b5b453ca-3d42-493c-8c9f-d3349bdf0377,95,0,Full Attendance
03802b70-8d03-491e-8f8d-5238288b78b5,95,0,Full Attendance
3985fb62-17dc-4eff-a872-13f98d605936,95,0,Full Attendance
1d0bc9bd-e9b5-45cf-9766-5cdafe049059,95,0,Full Attendance
a5d04d53-1e12-42e3-b272-92b6762172ed,95,0,Full Attendance
eec259dc-7f95-497c-a76a-a6ced50755d9,95,0,Full Attendance
b495db4e-8245-4fb4-8ab7-706eb77350ca,95,0,Full Attendance
7b85179a-d5b0-47e0-aa5d-932b45ff2c83,95,0,Full Attendance
74eff545-3e65-4603-b8e3-654bfaf14ff0,95,0,Full Attendance
30cbd755-6232-417a-a507-41818d1fb540,95,0,Full Attendance
bf0d073d-821c-4336-9970-cf60ebff8d15,95,0,Full Attendance
11df12d7-dd30-4e89-a2f2-35f2e11b868d,95,0,Full Attendance
dabac50d-ca3d-4859-85ce-099c46b82659,95,0,Full Attendance
c9a7d91f-ef2a-4713-9702-10496a39aaa6,95,0,Full Attendance
00a81de9-d20f-47d0-8465-6d6b81fb18b3,95,0,Full Attendance
d664d264-4c6e-47ff-b9de-7a3a486822b9,95,0,Full Attendance
a8f1e091-ffb8-402d-9475-dbc996418ced,95,0,Full Attendance
7250ee18-260a-4962-9d81-b7f57d5911c6,95,0,Full Attendance
551ac8ea-585a-4afa-bbfd-cc1289e06ab3,95,0,Full Attendance
6090d697-8b1e-4b9d-834b-9fbb8d4a75b8,95,0,Full Attendance
de9e3757-5260-401e-aecf-67d2749176f4,95,0,Full Attendance
3d225c30-b28f-41de-bb14-0bc3304b8590,95,0,Full Attendance
db23aa8c-3bca-4f85-a20a-60ac9261549d,95,0,Full Attendance
517400f8-0b2c-482a-a928-8e92c68a152f,95,0,Full Attendance
e9d68f23-b489-4070-b914-f8a8bea4ff31,95,0,Full Attendance
fd08b32c-62d6-4e93-a198-5d54cfb87e6f,95,0,Full Attendance
a6eab79e-d21c-42f8-8ada-4f80a9e782d4,95,0,Full Attendance
f6febc0e-7ecd-4baf-a6f0-5fcffb16e5db,95,0,Full Attendance
f72169bb-8096-4718-a051-acef097a1e10,95,0,Full Attendance
19b17e80-dea4-4e17-94fd-9ad39716108e,95,0,Full Attendance
1986b4b2-70b7-4868-9854-80f0dfcaf0b7,95,0,Full Attendance
03edd1f8-74f9-4d17-a912-b4bf86a4bae4,95,0,Full Attendance
def57689-68f4-4bce-a4e7-5e8eb8f21423,95,0,Full Attendance
1327f1bc-2784-478f-b84f-16b3a79fbfaf,95,0,Full Attendance
43d88870-f81d-4aa1-8812-0a8e78308930,95,0,Full Attendance
65c17795-b155-46bc-9f8d-ed9756abf2f1,95,0,Full Attendance
541cdfcd-da0d-4a5f-948f-8b74a65bb1f2,95,0,Full Attendance
889b78d5-dbfd-497e-aca2-b148da330aa1,95,0,Full Attendance
a075e927-5110-4492-b442-7e0b61484bb3,95,0,Full Attendance
7cea2045-c268-483e-a32f-2e63b7fddd71,95,0,Full Attendance
9e11d2cd-0930-4ef6-8a80-068ddf547e50,95,0,Full Attendance
af34cf65-a193-44b2-bc19-e71d118405ad,95,0,Full Attendance
3a3c8a71-ff57-4e2b-8991-ab9bebc2026f,95,0,Full Attendance
fa745761-6f18-4108-9723-199dbf2c14a0,95,0,Full Attendance
b4323070-a23d-4c2f-82a7-96891933918c,95,0,Full Attendance
2a96e1e2-7194-4ae2-99ba-d7aedf615a5c,95,0,Full Attendance
0769165f-e746-4cb9-8ca9-cf07b1aa0f6a,95,0,Full Attendance
0e5dd462-cbd0-4ef2-930a-37df0bc61066,90,5,School fees drive
6e417d47-5ff5-45ea-9bc4-40f14b1a269b,95,0,Full Attendance
697c3923-87fa-441a-be83-b91f25440fe0,95,0,Full Attendance
2e183554-cae2-4e66-ae8a-781390e0a95b,95,0,Full Attendance
9c07a751-1437-4509-acd1-586a2b840c67,95,0,Full Attendance
aee1e86b-9ea5-46aa-a1ee-6c5bdeef580f,95,0,Full Attendance
9549c931-e9af-499d-bf67-1eec3da70577,95,0,Full Attendance
a34db7c5-760d-4bbb-bb70-b3a124a35cf2,95,0,Full Attendance
aab612c9-415d-474a-b5a6-69814104a8b5,95,0,Full Attendance
771ad655-cdfc-4ee0-a61e-de900267deb3,95,0,Full Attendance
8beddb12-ad77-482f-89a2-3a89e6b5a92c,95,0,Full Attendance
f1faf665-7115-43f3-92e8-9d1028711733,95,0,Full Attendance
4c955f6a-966b-4964-bcd6-bdca5876fd09,95,0,Full Attendance
b0b862ef-6c9f-42b9-b647-8986a3917c99,95,0,Full Attendance
4d57d880-d865-469a-b4f3-310340066ff2,95,0,Full Attendance
da743152-627b-41a1-bfd6-f23232ffe294,95,0,Full Attendance
61a11729-3cb9-4350-9b4d-a0fe7bb38605,95,0,Full Attendance
4bbe4aff-9326-4ffd-9be4-bf5192698698,95,0,Full Attendance
059dd55d-4b94-4e30-b303-f438fe2110d0,95,0,Full Attendance
6553867d-a881-4fd3-947d-577bfa5a91ca,95,0,Full Attendance
dd750e98-90e0-495f-8212-b554464458b4,95,0,Full Attendance
f93e08d5-bea2-4dfe-873f-6e1baf908e3c,95,0,Full Attendance
bec39a37-9b3d-44bd-a91e-314e0c8e29e3,95,0,Full Attendance
e726be23-e776-4886-9534-ee1d7f2984f5,95,0,Full Attendance
3ae909fe-cc82-48da-8696-f5e64944051b,95,0,Full Attendance
3810ae66-5a31-44cc-8d4b-69a99b689c88,95,0,Full Attendance
402913ec-9ef2-493e-b0ac-7d7ba2f963a3,95,0,Full Attendance
c478f6f1-b88e-4318-816d-83edad81f8bd,95,0,Full Attendance
2303f6c6-d69d-42f1-ae4c-84ffa8c01f05,95,0,Full Attendance
a0a11839-e745-4704-98df-bc3ca0d4de3d,95,0,Full Attendance
c9e26074-4f16-49a0-8a17-991ea5769411,95,0,Full Attendance
5d678bb1-945e-42e4-888a-93ec70d9c9f8,95,0,Full Attendance
e8dd5e5a-1712-4b16-a1a4-344fbb7bee03,95,0,Full Attendance
6a5e6920-bf5a-47e6-93a3-dd5a4b8c5bdc,95,0,Full Attendance
c958e75e-21d5-4971-b367-49b52cf6bf75,95,0,Full Attendance
5da8d6d2-f8b3-4a8b-a05f-b8bc8a16a06c,95,0,Full Attendance
45c45a3e-e9da-484a-8075-9f1f87e5f0fe,95,0,Full Attendance
e9ff1cae-41c8-4a8c-aa1f-955ad499da99,95,0,Full Attendance
f7a67b94-7b5a-411a-b1b6-4afed31edf1a,95,0,Full Attendance
ded255d0-bf1e-4366-8b8e-63d4ce7607ad,68,27,Other
77e490c7-1d7b-4313-8de2-2f1c56b60afc,95,0,Full Attendance
c1101266-2408-46dc-9346-d1a9f6802cdb,95,0,Full Attendance
ad238d36-dc32-4c97-b9c1-e262f76c8ede,95,0,Full Attendance
65bcc272-fadd-4ea3-aca5-e2fdb966442a,95,0,Full Attendance
8eac0a33-cdf9-44a7-9882-b5c1f79efd70,95,0,Full Attendance
6502d6a2-ca6a-4224-971e-16cc5da36f1b,95,0,Full Attendance
1fa382e8-895c-4d99-83b3-8eb403902c5d,95,0,Full Attendance
bfbf397b-ac3e-4b0d-9e5b-a13d746cdb77,95,0,Full Attendance
618ae305-95a5-4afa-831d-029fac1e86d8,95,0,Full Attendance
5f18e583-f0b6-483f-a377-f6f1d289f0ab,95,0,Full Attendance
78b2b549-3bdb-409e-acc2-16a01bbc91f7,95,0,Full Attendance
f1738856-e25d-46eb-9e9a-9f83066803ee,79,16,Insecurity
9c2e58de-ea4e-4617-93f8-382b8fb864e4,95,0,Full Attendance
a2a9d4d8-102e-4de5-a5cc-8bf738ab854c,95,0,Full Attendance
b379cb1e-e8cd-40cc-b6da-3ca0d2e82f38,95,0,Full Attendance
1dde7969-6886-43db-a634-8e784d5c55c7,95,0,Full Attendance
0986bbeb-f23e-423d-8b9b-d93423c86d30,95,0,Full Attendance
1dba1267-7e1c-45a1-bef5-18a64dead645,95,0,Full Attendance
899ca782-e323-4d1a-bc1b-dacc18e19331,95,0,Full Attendance
5efa9c5b-7421-4f46-a37e-4b0122bae10e,95,0,Full Attendance
b24cc64f-be3e-4e57-b30a-9e32aba4fc03,95,0,Full Attendance
965befdf-6b4b-4411-8a4a-0e2df22b5b98,95,0,Full Attendance
e2aa7a5d-278e-400d-ba02-66efbe055787,95,0,Full Attendance
d56ce8ea-1959-4b5a-a7a8-f6366a35df59,95,0,Full Attendance
f065c817-687a-4850-9d9b-62317d45d8ef,95,0,Full Attendance
b0b63bcf-0860-4833-879d-0cdaf396ea37,95,0,Full Attendance
71d79665-7181-4dcf-b79e-fc6e5edb0d3c,95,0,Full Attendance
5cd8fe1a-dafe-48a9-bc71-e0bef3579560,95,0,Full Attendance
5e09a9ee-af88-4dec-bb1e-143b196f4dfa,95,0,Full Attendance
a5135ea0-fa53-434d-a6d5-901d8b621d41,95,0,Full Attendance
46a02a9b-65ec-4acd-8f80-35f55bd20c98,95,0,Full Attendance
f2f25eef-1f45-4bfd-b7dc-67e030974b2b,95,0,Full Attendance
1777e8cb-7468-4b98-92fe-2fded918b3e5,95,0,Full Attendance
a3b5cece-a446-4e72-b64c-911aa9ab364a,95,0,Full Attendance
0cf2b69b-0577-4ea9-b899-924698de8ebb,95,0,Full Attendance
fd235def-3e5a-47e3-9560-db22c96b5edb,95,0,Full Attendance
34885a46-9088-4eaf-8977-6598203c8c25,95,0,Full Attendance
8de08fc2-c3e1-4a85-946e-f10411906f50,95,0,Full Attendance
d0243d72-3748-467f-961d-33ba350843f0,95,0,Full Attendance
c63d04ee-541c-4a86-bba5-cd2fdea45c19,95,0,Full Attendance
989240ac-e689-43a9-89e4-8e8c25c61c45,95,0,Full Attendance
fbe94499-dbc0-40fd-86fb-7bf300b9d4a3,95,0,Full Attendance
8a4b8f7c-2147-4a15-bcce-96f6250a4578,95,0,Full Attendance
1c24220e-2cab-47e7-8c6b-66e5402adf9c,95,0,Full Attendance
21bddb41-0699-4731-9dcf-8766a93b12cd,95,0,Full Attendance
c9d6a63b-ca3c-4f5f-9bb5-c40c03cde2e3,95,0,Full Attendance
040a3aae-52e2-4fd9-96bf-10ab3ce915e7,95,0,Full Attendance
20733f6d-0d6a-45b3-83ef-20162c9b662e,95,0,Full Attendance
1d181ee9-86ad-4a8c-abc4-123ebde13c1b,95,0,Full Attendance
72c22a16-79eb-4168-9045-56e5bee3eb79,95,0,Full Attendance
97fa7f04-8363-4007-9cae-9610c72c1fe3,95,0,Full Attendance
38b77c07-80fb-4296-b3b6-a09b1beaf6ac,95,0,Full Attendance
ba2c98ce-0b19-488e-9d77-a45ef206c269,95,0,Full Attendance
a8addf36-ddf2-45eb-a8a3-f341c8819065,95,0,Full Attendance
a4b1f991-7542-4646-8d37-a539857dd3b3,95,0,Full Attendance
ffa361be-0f92-40e1-87f9-7d05f6ca6b8b,95,0,Full Attendance
6d204496-66d0-4371-98e8-8ebb7a9e8eef,95,0,Full Attendance
b65feea9-7d82-4264-9ba3-62e7afa415e5,95,0,Full Attendance
e63658c9-12d0-498d-b18d-4d05e8e22743,95,0,Full Attendance
25f934bf-9bb9-4155-9275-eb9414aeaf5c,95,0,Full Attendance
9fd34579-4667-42ce-a04e-178c10d08d11,95,0,Full Attendance
b64fa54a-8c61-4654-95da-75c1a21150f9,95,0,Full Attendance
98eeac2b-fe9f-4caa-a182-f347533f5a72,95,0,Full Attendance
816bcb9f-7426-4193-8b7e-6b3c87d292a6,95,0,Full Attendance
cb08587d-1963-426d-ae21-8b099afd4015,95,0,Full Attendance
a79b44b6-da50-4fed-9d4a-3d81b3a7d0e0,95,0,Full Attendance
8d244e3e-c4da-4ddb-a0b1-5abaa6a27967,95,0,Full Attendance
6e191042-370b-4063-9d90-e79eb888f6ed,95,0,Full Attendance
69efafb1-3a7e-4e14-a359-eee173991a47,95,0,Full Attendance
66132e69-7418-4109-93d1-bf0f56c438e4,95,0,Full Attendance
50032b35-1857-4baf-bac7-e2b96a7e4c36,95,0,Full Attendance
4140752c-aa44-4259-9001-8b7b6d4067f4,95,0,Full Attendance
afd380c4-2713-482c-b41e-a3ac5fd23109,95,0,Full Attendance
175a81ec-112f-4612-b969-9ed2ec48bf55,95,0,Full Attendance
6e8f75a1-17dd-4d81-95da-705cd4ef00aa,95,0,Full Attendance
5f65c8ce-bd21-4c11-be9d-61ee18b87245,95,0,Full Attendance
0f5ae9d3-8e6e-4003-a14f-3f12cfd01cbd,95,0,Full Attendance
8fca7b6a-8fc4-4092-b4e5-59e596229348,95,0,Full Attendance
692ac139-1f4a-4ca1-ab85-fd595463adc7,95,0,Full Attendance
f0ede303-aa53-419c-9fa4-bb9f5a856750,95,0,Full Attendance
ea74bb18-de3b-496f-ac45-96f6c012a0ff,85,10,Other
49a214ae-f7e8-48e5-8d2b-91efb8976ec5,95,0,Full Attendance
1a85910d-5a05-4c11-8ffc-a6b199b479d4,95,0,Full Attendance
279c658a-3676-4ce5-81e5-c9f693f277cc,95,0,Full Attendance
d8e7012f-3968-4c81-bb70-c3b8a81fdec3,95,0,Full Attendance
8e676a01-d86a-4460-99a1-120e1bb43332,95,0,Full Attendance
47503f1d-c33a-4f6c-9d69-1fba5e187b24,95,0,Full Attendance
6dda4f8d-cea6-4f4c-b9e5-8ff092f837d4,95,0,Full Attendance
c4767556-f97b-42dd-8f9b-72aed85c16bd,95,0,Full Attendance
accb461a-9d13-4363-9f29-4a8bd1846c39,95,0,Full Attendance
9be71737-06b8-4231-8e86-7f3ca487eeab,95,0,Full Attendance
b18753e6-d457-4ad9-a867-a096edd877c8,95,0,Full Attendance
45f50c52-2e2f-4f77-8769-79d644777442,95,0,Full Attendance
ebe9e207-4f19-4ec0-832d-4526b3e4110a,95,0,Full Attendance
2e709838-0190-4620-99dc-abd056febfb9,95,0,Full Attendance
a847bce7-90fa-4b57-a4ac-2130deaf528d,95,0,Full Attendance
bdb025ff-2451-45a4-91d0-59b26699cd99,95,0,Full Attendance
177d6e7e-07d9-44ce-b8c8-8faea2178f84,95,0,Full Attendance
604e46cb-3712-42d1-87cd-b6a1bf012e32,95,0,Full Attendance
284bf962-5744-4596-b422-21676b7a2460,95,0,Full Attendance
530ac1c7-b8ba-4368-8fc7-77685ebbcca5,95,0,Full Attendance
98a21f1c-914d-4fae-b100-13a7c6deb2f0,95,0,Full Attendance
27d415b6-0d77-45a0-a222-b6a615bfbe97,95,0,Full Attendance
0cbd3c03-9e2a-44ac-8122-b5b3284c03d2,95,0,Full Attendance
716fda0a-45a8-4829-94e2-86e5ac8936bc,95,0,Full Attendance
9b69554d-7c54-435f-ac8c-3b6aa974d079,95,0,Full Attendance
372f871a-45ee-432d-aa07-f2137129cec7,95,0,Full Attendance
585d3f86-1d23-44e6-8329-20b7c143f426,95,0,Full Attendance
ad9fb00d-4882-473c-9c63-45ab6e0ed1e8,95,0,Full Attendance
86e52753-7c93-46cc-97d7-a560adb14670,95,0,Full Attendance
3873e57f-0ba0-48e8-8ef4-92c1aac93316,95,0,Full Attendance
0e0630cd-996d-4c50-bc04-a168652ffb49,95,0,Full Attendance
f200c261-4d29-41ab-b455-12f701f7c7ec,95,0,Full Attendance
c3a00c6f-2321-41e1-8471-04c036136e15,95,0,Full Attendance
1eb74b56-53ff-43a2-8a19-35014169b9fc,95,0,Full Attendance
6e3f683a-bf3c-4140-bf54-a51101fa964e,95,0,Full Attendance
88575117-6155-4667-a112-507c2cfa55b0,95,0,Full Attendance
8f0881ee-8011-416b-bae8-8926b423ccde,95,0,Full Attendance
5aaab32f-ce63-42b6-ab05-347fd556b37d,95,0,Full Attendance
bdf66ba5-dc9c-46de-a5a6-74c212738a23,95,0,Full Attendance
75b27455-04cc-4ede-afac-16730ad45230,95,0,Full Attendance
5024bdc6-dcb3-4df3-93ee-cdc6ebd14d2c,95,0,Full Attendance
67884209-92ca-425a-ade5-93329364f3d0,95,0,Full Attendance
4a1dab32-6aed-4dc7-a3e0-5309b5a1b949,95,0,Full Attendance
f758dce2-0556-4aea-a7b0-32831d7c0098,95,0,Full Attendance
f296d9f0-cd23-42c2-abff-e17b532401fc,95,0,Full Attendance
b08a4895-d4ff-4666-b5c8-e90d9e3d750d,95,0,Full Attendance
6fcc57dd-168f-4e12-9ca2-60c9eb7607c9,95,0,Full Attendance
6f887f28-3e49-4d09-9b19-d8b8d8302081,95,0,Full Attendance
1422373f-8622-48d1-a683-e10796c044d0,95,0,Full Attendance
beed10b6-4f6e-474b-9eda-b0276550f74a,95,0,Full Attendance
c77444cb-5543-4c3c-b8b8-f24e56ea57b3,95,0,Full Attendance
a21b0307-82af-485c-938d-994c2b0abedd,95,0,Full Attendance
31a3ac4d-828c-47e7-87d5-b7be1d30d990,95,0,Full Attendance
59e1ac09-5970-4859-86b6-e4ade7ea8d5a,95,0,Full Attendance
a53bc024-d1a6-4d87-b54e-2019ba35844e,95,0,Full Attendance
1a5165ca-3c7c-4d85-a5cf-0041d0a643fe,95,0,Full Attendance
2c6a6e9a-3280-47a1-8187-222b257d5e52,95,0,Full Attendance
c257cf73-c29d-482b-a722-796e9a36d1ec,95,0,Full Attendance
f387e1bd-2d59-42c6-934a-5a2fa7cf705c,95,0,Full Attendance
76c5a0dc-7e7e-4419-a0c1-4035c5d95f51,95,0,Full Attendance
9458054e-c287-4f06-9050-f7efc1235c91,95,0,Full Attendance
e1cde87f-ec95-4f87-ae5e-c36572eb7474,95,0,Full Attendance
fc8d5b93-a2a2-491f-a49b-1cd99082889b,95,0,Full Attendance
f891b0c3-dd3f-487e-92bd-c6619fe0a8c7,95,0,Full Attendance
70944bdb-26a5-44e3-90ee-7a92a09151e0,95,0,Full Attendance
a1a27485-7134-4c2a-b80b-3657117b355b,95,0,Full Attendance
97674900-4651-4367-8bdc-43184d85a3d2,95,0,Full Attendance
12fe28bf-81e0-4489-9a18-e2a30e614bcd,95,0,Full Attendance
09a0a0f6-73b0-4091-b634-c1694f76e388,95,0,Full Attendance
497de16d-d4ea-420a-9e65-96540e9058b6,95,0,Full Attendance
fa34d2e8-dd3f-4d7e-a508-dc9513a4a492,95,0,Full Attendance
98159d6c-9d71-4084-971d-abf9daf481a7,95,0,Full Attendance
949077c2-7674-456f-a26d-719d81cf3252,95,0,Full Attendance
bd29ede9-cab4-423b-b448-83858de7ad6c,95,0,Full Attendance
e8b77f7b-7321-4f6b-8a80-76ece5582e16,95,0,Full Attendance
30307633-a6de-41d8-9258-17b7cf501889,95,0,Full Attendance
80599b93-79c2-42e4-9ae1-a991524f93ff,95,0,Full Attendance
73557b9d-0fd6-447e-b52d-4af2269ed4c9,95,0,Full Attendance
d65e59dd-e62d-4d06-8f9b-85581a7f195b,95,0,Full Attendance
15969802-b6dd-4257-bb7d-9f1c57eb89b1,95,0,Full Attendance
0a0537f0-2c2c-422b-a568-95c6812a1f9b,95,0,Full Attendance
fdb1429e-7010-4d13-b526-b22d3f6c21f7,95,0,Full Attendance
9c1c3517-85d2-40a6-8629-5b5d707df251,95,0,Full Attendance
eafde7d9-5f73-4a3e-9d28-6aa428a39779,95,0,Full Attendance
c6435300-68a5-4c68-a32d-bb5e486bb6bf,95,0,Full Attendance
0d67d38e-990f-4c5b-adcc-3daf569f3ab3,95,0,Full Attendance
55ab946d-a5b5-4dc2-a181-c85eca0ac6ac,95,0,Full Attendance
8ed6ad5e-1831-4aa3-9466-9d1910df9974,95,0,Full Attendance
4082cbb9-48bd-4b3e-a2f5-df2badaa44ca,95,0,Full Attendance
f6e39356-a814-4562-9a00-3f16b9469bcf,95,0,Full Attendance
267eddce-df8f-4197-9a4a-99b2e806133c,95,0,Full Attendance
a9e27ba9-952e-4abb-94dd-5061555736f8,95,0,Full Attendance
4f6b58c8-598d-4aec-aaaf-e5432434a678,95,0,Full Attendance
a981b098-b2cf-452d-a7f3-33b3f7baf55e,95,0,Full Attendance
b576255e-9854-4f22-a102-f9c964575bc4,95,0,Full Attendance
8f158449-4f40-422f-95b0-2530f020e992,95,0,Full Attendance
54170a17-caaa-4bbe-a4bb-f962606e0e1c,72,23,Illness
b3ecb951-ab8c-4f97-a0b7-1785d02ce0c1,95,0,Full Attendance
ff4625af-bd20-463b-b275-b5f3d436a7a8,95,0,Full Attendance
17ec889c-86c1-46cb-a996-30f7af77520e,95,0,Full Attendance
822c4d32-6c64-4c15-aba3-01cba561e1e9,95,0,Full Attendance
4f11d8dc-5cd3-4369-84aa-c1b75ca0c428,95,0,Full Attendance
577bc55a-36d5-4494-b37f-d50d2e25b5ee,95,0,Full Attendance
31274148-7c7c-404e-8422-d03ef29a6339,95,0,Full Attendance
27aa7cbc-2337-4bbc-bffe-77c839feb99c,95,0,Full Attendance
c9c23e69-d82c-4565-8bb9-07ec13c11754,95,0,Full Attendance
8a2e6a93-c558-4bb2-81f7-f3fb19e45c6a,95,0,Full Attendance
86cac6f4-e238-4e93-bd17-c5e8d5ca69ab,95,0,Full Attendance
e05b46c5-5636-4094-a974-31db09a9d1c1,95,0,Full Attendance
98e52499-218c-4e1c-9e37-4f7ac42cbc39,95,0,Full Attendance
2e4bebc4-2989-4880-a77d-1be96070b6a1,95,0,Full Attendance
9feefdff-c566-4a81-b15e-54f6d4d30795,95,0,Full Attendance
b89f72f3-2a60-4652-a714-7668cf1d7d3a,95,0,Full Attendance
5d42b9e9-692e-47b6-8b2f-6d5c700b5d5f,95,0,Full Attendance
f836f571-3cce-476c-b836-c448ad261ec5,95,0,Full Attendance
c09cb506-48f1-496d-9c4f-fb4671b701aa,95,0,Full Attendance
3be79df4-72ec-416e-88a7-23e9bfa016c2,95,0,Full Attendance
f7315749-4f39-49a8-bd3a-258288b4f474,95,0,Full Attendance
e76adca9-7811-4802-88cc-7cfecf01f944,95,0,Full Attendance
ada58417-5e2a-432d-b1ab-0b56d5c9fdc7,95,0,Full Attendance
70cafdd8-fc04-4f08-9207-0158f2771f63,95,0,Full Attendance
c7332304-4822-4120-84f9-eccd7630a8a7,95,0,Full Attendance
6b2d5b09-8707-4ad4-80be-7e3561c2645a,95,0,Full Attendance
331f63fb-d11f-48c0-a97c-a4fff75d599f,95,0,Full Attendance
df7d0dd7-236e-4608-9acb-394acd1f5318,95,0,Full Attendance
7b07fd31-a424-4f23-8d5b-a7cd400035f0,95,0,Full Attendance
ef2ddcc4-8df6-41da-9f07-c1a5dfc620ce,95,0,Full Attendance
8412a335-d88c-456d-b61e-5fdb1a435206,95,0,Full Attendance
1578d709-48f9-43d0-9fea-e1e0d9e604b3,95,0,Full Attendance
73069588-45d5-468d-a90a-3abbc35b9fea,95,0,Full Attendance
d4bf7a4b-25b8-442f-836b-15c7e7c225da,95,0,Full Attendance
e916da57-f248-43ab-977a-8a5f6ffe33b3,95,0,Full Attendance
e27718c5-737d-4fb6-9113-76e038d77b9a,95,0,Full Attendance
6a36af18-06d3-4b93-ae33-688d597e6845,95,0,Full Attendance
5fbbf0b1-8083-49c8-a57e-01c90da23e5c,95,0,Full Attendance
14e4180c-fe99-46a3-a2db-c8503c5bf3a7,95,0,Full Attendance
519554e3-0737-4c86-b97b-5f515ffa46ef,95,0,Full Attendance
b6f6dbf1-d6d4-41cc-995d-82f8ee4a9b5d,95,0,Full Attendance
25637cc3-ca97-4bf5-95d5-96afa663d2cd,95,0,Full Attendance
eada79a3-4970-4d9a-89ce-3cfb2339ba19,95,0,Full Attendance
d4c3a832-b231-460b-b8f2-ce6bd46b415d,95,0,Full Attendance
781799ff-b49e-44cc-8243-69e72387eaf6,95,0,Full Attendance
e7e646c7-0158-4463-9d87-76a072d78bdd,95,0,Full Attendance
3735262d-4184-4b03-84dd-7054144823f7,95,0,Full Attendance
f0b2a5d1-8c7e-4f42-a646-eaf9d5c0244d,78,17,Insecurity
6c5a6c93-871c-4884-9bdf-90f2ba2c0f19,95,0,Full Attendance
3cd5fd7f-49c1-4669-86b3-3fe61c76bdf6,95,0,Full Attendance
3d0a5f0c-0c39-4ec7-9f31-74054d183eba,95,0,Full Attendance
9f708368-cb3c-48ca-a392-57316b79afcc,95,0,Full Attendance
d6312a80-1c61-4ec2-9014-2131750565f5,95,0,Full Attendance
893ad232-98c3-43ca-bff4-cec6e7b7b4c6,95,0,Full Attendance
93364f7e-83ef-49f3-a1c7-cc8a04351b64,95,0,Full Attendance
4a90cd0c-24c1-43b9-b7f2-85723defa849,95,0,Full Attendance
5a5226e6-9d64-4932-8066-853d6de299a1,95,0,Full Attendance
2ff3cde4-6aa4-4c9f-9217-04753d959e3f,95,0,Full Attendance
8603156a-15ea-4bcf-ab10-21ceaa143cd8,95,0,Full Attendance
f4124360-1153-4e99-9c50-8720f982f4e0,95,0,Full Attendance
c9525185-81e0-4a5e-8b48-f49686abd4e7,95,0,Full Attendance
0534a101-8ddc-4719-81f3-8dd4fd034ada,95,0,Full Attendance
0b251279-785a-45d0-9f92-a62163f4c69d,95,0,Full Attendance
5f90bed6-fb25-464d-a30a-a767a2bb522b,95,0,Full Attendance
5b6a8102-0428-4378-bf50-23f440ef3935,95,0,Full Attendance
3dba6da8-5844-49fc-914b-9547c9dc72b8,95,0,Full Attendance
1a89b71e-a0d5-42c8-a837-fe68bba205ca,95,0,Full Attendance
c1b5b5ca-bc35-46df-94f7-9dbac5811d2d,95,0,Full Attendance
5a304528-0b59-4562-a227-219f551ff086,95,0,Full Attendance
a48e40f1-d042-4dfa-96ab-087a8bc78e81,95,0,Full Attendance
af475b49-c775-4395-9494-05f02cd2a404,95,0,Full Attendance
7a8104de-b205-47bb-bb16-f75776f186ab,95,0,Full Attendance
2285b2ef-cfbe-4fe9-aea9-c542a1b970d0,95,0,Full Attendance
f1901b7e-c6b4-49ef-b74e-ba9310275b53,95,0,Full Attendance
339b77a8-4b1f-4d7b-8977-c513752a7d25,95,0,Full Attendance
e2c328aa-3310-4475-8a86-22250b36e356,95,0,Full Attendance
4f612217-eef1-4694-90ca-e32d0aba590e,95,0,Full Attendance
d0be73ee-fd37-4539-a5f2-02f983f02dc7,95,0,Full Attendance
095ffa81-40d9-4bce-b930-ba208b040f49,95,0,Full Attendance
493e904d-30ec-4796-a59b-457fc0d7ac73,95,0,Full Attendance
0c3ce284-c7e5-4bbb-9cb5-1c535b62a8df,95,0,Full Attendance
45f18619-54f9-4429-a7de-02ccdda4f4a7,95,0,Full Attendance
6fdc0bad-5e36-4127-8ca1-b45c1fdd980a,95,0,Full Attendance
7092947d-be49-49ec-a667-d3bbe3b56360,95,0,Full Attendance
56cb1ab0-62fb-46d7-b4db-ca07e506f670,95,0,Full Attendance
b12b6680-7f07-4cb9-afd3-40c0f945f2fd,95,0,Full Attendance
cc1b4157-ec9f-4c54-9e0a-72ab7f5db163,95,0,Full Attendance
15260718-cd18-4a82-8447-ceab84ef4324,95,0,Full Attendance
6e3c4532-1434-4f62-acac-028cba220065,95,0,Full Attendance
2e326567-d284-454e-bebe-c0db9a3a6103,95,0,Full Attendance
1a43db54-523a-4993-8b34-46bc8ba435cc,95,0,Full Attendance
4baf0f5e-a932-4094-93f2-8f11147f6570,95,0,Full Attendance
b7b8c1a5-9a45-493d-b227-890e4e76833a,95,0,Full Attendance
71a3fad2-b094-4d2a-aaa9-3b436d15f16f,95,0,Full Attendance
ba108217-0ad7-49a2-b277-16ec59fefbbc,95,0,Full Attendance
9d66e815-5a41-43b3-a95f-176cdebac186,95,0,Full Attendance
a3b442bd-4649-4296-af58-42c3ff86cc31,95,0,Full Attendance
0eaf04b5-f2a9-4c8a-8a9e-4a62fae3114b,95,0,Full Attendance
67fd64c4-a334-458a-abd2-b5121335e5db,95,0,Full Attendance
bff9507d-cd14-403e-8359-9af65d01f55f,95,0,Full Attendance
07f8d4f0-f3ea-4184-a8f4-e3ceadedda80,95,0,Full Attendance
ad973b67-9b89-45cb-9942-644c248d31ec,95,0,Full Attendance
20509c62-08e8-45d7-b02c-1821c8040fb7,95,0,Full Attendance
a52964ff-c74c-4890-bc6a-3174113634a5,95,0,Full Attendance
f31046dc-6202-4ee6-9cb5-e69c5dc7b3e6,95,0,Full Attendance
2747b93c-9ae7-4eab-884a-67809136f1f8,95,0,Full Attendance
5ef787b8-f2e6-495f-b32e-2016add702c9,95,0,Full Attendance
13aec376-c359-410a-b1a6-014c5f3c44dc,95,0,Full Attendance
5df06e8c-878a-4ed9-a33f-fc8292ec89af,95,0,Full Attendance
4758367b-a649-4cdc-907b-907265e58f34,95,0,Full Attendance
06a241af-1d0a-47f7-b5e4-a4713fe68c9c,95,0,Full Attendance
848af440-7fc1-4858-afa0-d842bc55300b,95,0,Full Attendance
1e2595b8-8fc9-486b-a9dd-ebf563119aca,95,0,Full Attendance
b43bd27f-42a2-49a6-8664-12854303cbc1,95,0,Full Attendance
9ca3fbb3-ff11-48ba-b6ee-1640723ef466,95,0,Full Attendance
ffa623d0-ea9e-4c8d-b1a8-b71f491b90e9,95,0,Full Attendance
22bf18f5-1f65-4a87-b33e-e3447dbf4bc1,95,0,Full Attendance
2c33350c-73b9-41d8-92f5-131ada52d2ee,95,0,Full Attendance
ff4c96d6-71f2-4e8f-b69f-68c3e60fd420,95,0,Full Attendance
f7b217c7-ae92-4a71-8f7d-cb431679742f,95,0,Full Attendance
aaf78c67-51d0-4109-bc90-2838d8741408,95,0,Full Attendance
8ccc9cea-109f-48ee-b5a4-720058f0dd23,95,0,Full Attendance
4cc9f5f2-e42e-4037-8a55-2ea08acbbe09,95,0,Full Attendance
b5a5f8e6-b639-4f04-a852-4385d9f2dd0d,95,0,Full Attendance
2c913a7c-a340-4f08-b341-91b8ed6522b4,95,0,Full Attendance
3967e60a-823d-4107-9c8a-c066cb2fafa3,95,0,Full Attendance
cac4d0eb-3373-430e-bc31-a5971f119c0f,95,0,Full Attendance
7e7838c9-ca55-438b-bc9a-be10238d6f44,95,0,Full Attendance
9280c5aa-8dd4-495b-9c63-b6f306ba8cd3,95,0,Full Attendance
fba6abf7-cdbc-4653-b7a7-e8b75e70f65f,95,0,Full Attendance
e25df9a8-9ca8-45c4-a138-afe08d38bbd8,95,0,Full Attendance
65edcfe3-4f2d-4d3f-90d4-de39161237c9,95,0,Full Attendance
7a89cbeb-b807-478a-b788-f5d1ffe575f6,95,0,Full Attendance
68d0a2a8-c4e7-47dd-a929-de738693fd9d,95,0,Full Attendance
20156a72-12e1-43a6-932c-ae01d2c65ee4,95,0,Full Attendance
12fc7a87-a470-4d48-9128-b9b1f8ede0ca,95,0,Full Attendance
8471b4b0-ae1b-4f69-b740-d83173318749,95,0,Full Attendance
d43cdd6d-e0c1-4f1e-a0da-897258321ee4,95,0,Full Attendance
96792482-a3c9-48e4-8d22-38e6c7bf4fbc,95,0,Full Attendance
21084dd9-f75d-4e3c-848d-56502e9522d6,95,0,Full Attendance
de431e06-e924-4069-80bb-ae526ec01269,95,0,Full Attendance
84a2576c-1fc9-45f8-94d6-07350e2f8958,95,0,Full Attendance
2976aab2-2a26-4770-8ddb-1b36272c0588,95,0,Full Attendance
39b86bb2-b596-4a7c-af4a-fa885299e505,95,0,Full Attendance
84d67c4f-f0df-4684-b28e-41225894f7f1,95,0,Full Attendance
143029a9-d88f-4c94-88b7-63d5e519dd7e,95,0,Full Attendance
f4d375c1-a293-49fa-b240-d7a14027ab7d,95,0,Full Attendance
a0017720-200b-4903-8642-6c458d03f17a,95,0,Full Attendance
17eaec83-8892-442f-9d4b-2bf94d85e9c7,95,0,Full Attendance
9780c215-2b2b-48e9-a417-c09380a8a23d,95,0,Full Attendance
2bd3cdcd-2779-4685-94a5-3fdef10d27c8,95,0,Full Attendance
e6e987ca-b87b-4384-9fdd-de2ea8a2b7ad,95,0,Full Attendance
ec86a890-d7b0-4bdc-966e-3cbe9aea622f,95,0,Full Attendance
dd20c3bf-d342-4f08-8a8b-b5b490494583,95,0,Full Attendance
f2d3f761-0ba3-4279-94cb-056407437c3b,95,0,Full Attendance
43c07d43-93a7-4792-8561-b8dca4364fcd,95,0,Full Attendance
92779574-c457-4cc3-b5f7-89bca6b07458,95,0,Full Attendance
07c0d116-a394-4d54-9e3c-5a886aa56e6d,95,0,Full Attendance
8baaf744-a08d-421b-a395-4cb17f7f6c0a,95,0,Full Attendance
4d560a3d-f4e7-469a-a454-09374a27ebf2,95,0,Full Attendance
ceae71cf-ce00-4af0-beb0-51817ba24588,95,0,Full Attendance
741b77f5-4c24-4053-a7f5-ae02af5b8f47,95,0,Full Attendance
2877f5d9-0f56-45f8-b048-faa112ae5c22,95,0,Full Attendance
76e5ae78-7bf7-41d3-aa66-2fce7089fc6d,95,0,Full Attendance
24c778a5-9b4e-464b-9716-dc2e343ada2a,95,0,Full Attendance
51beb80e-b7e6-414c-9c8a-49225005680f,95,0,Full Attendance
586a346a-dc5b-47d1-bcef-1972bbf483ce,95,0,Full Attendance
c2baf0e0-2179-43f0-a612-4ab4f9b21e6e,95,0,Full Attendance
1b2ededb-8fc8-4fc0-83d5-bceb5edbb8ee,95,0,Full Attendance
1f5d988f-776a-4f09-bde2-885951b1943c,95,0,Full Attendance
24108e9a-3f77-4cae-b318-b96d44790612,95,0,Full Attendance
f204be89-4a4b-4563-8cf4-77ef18c8a616,95,0,Full Attendance
6b0ae0e3-9d89-4047-9d39-d7936257a4a2,95,0,Full Attendance
e6fdd7af-dd84-4acc-b672-94643f8ea40a,95,0,Full Attendance
ef0a573d-53d2-456d-9040-158728e213bc,95,0,Full Attendance
3098f7b2-500e-45c0-b89b-df7f93e34c35,95,0,Full Attendance
fef7d9ea-7f8e-4483-a8ca-aa1dc35bec2c,95,0,Full Attendance
e10b1a47-7fae-4748-b781-321e83c501cb,95,0,Full Attendance
170d7507-05ee-41d4-bf53-a88e4efc8248,95,0,Full Attendance
750d112e-8164-4eec-a4ab-851bf1fac6e7,95,0,Full Attendance
95560a2d-3713-4466-bda0-6476f778c676,95,0,Full Attendance
4806f804-0cf0-474c-8c74-dc0f5a575539,95,0,Full Attendance
d7c4fe9c-e1e0-4ffc-98f6-fd7f7eb162f1,95,0,Full Attendance
4926ce5f-7878-4140-ac2a-4f71a77d95f1,95,0,Full Attendance
1b84edc3-d8e0-49de-8217-ea0e896490ab,95,0,Full Attendance
43b47ee5-e1e8-4e7e-a249-8f666e51484d,95,0,Full Attendance
673ba8bd-c38c-4dec-9da3-9a73ba3df7ff,95,0,Full Attendance
0d18ab95-668c-4477-8b95-017c5dae1201,95,0,Full Attendance
5cce5ba9-31d4-4e09-8fd3-3afc91fdfa4f,95,0,Full Attendance
62e7c1a6-12d2-4a06-89e1-cd138da00495,95,0,Full Attendance
8cc36f3b-c3af-4cfe-b34a-6ca38116e3fc,95,0,Full Attendance
9f8cc29f-fd35-4c5f-9347-9a3b479bc637,95,0,Full Attendance
20f0156a-1e6a-4628-9c6d-52d5ae2e9af9,95,0,Full Attendance
5f89ed12-64d6-4fbf-98c0-1e2bf99f0704,95,0,Full Attendance
8ece1128-56ce-4b42-bc9e-1dcbcb7e6268,95,0,Full Attendance
24eeb4a6-c145-45c7-9d98-6115f05eeefe,95,0,Full Attendance
66c14dca-8255-4a61-9a3b-031932f57510,95,0,Full Attendance
09f64405-0b99-4034-8a4e-255280051b10,95,0,Full Attendance
cdd0b4d4-5542-47de-b6ad-f48b2314d0c8,95,0,Full Attendance
2620f9a9-74fd-43d1-84f2-fd0f79474bfa,95,0,Full Attendance
23c8afdb-83f8-4f16-a4a4-474c9b33e3a4,95,0,Full Attendance
518b2f21-9cf2-4859-ae6e-2e7253f591dc,89,6,Truancy
9dd2f9de-fd98-4e33-a498-abe92999bbef,95,0,Full Attendance
97fe56c5-4c9a-4f24-97b4-c294bd44089d,95,0,Full Attendance
827c9f8c-d40a-45e9-81df-6517561c9210,95,0,Full Attendance
901bcdef-b56f-48ce-bd66-971e88476c56,95,0,Full Attendance
044251db-d0d4-4a67-b992-8faa4cbf131d,95,0,Full Attendance
1c0f0bdc-ac7e-437c-94cc-1e2a5e4cb287,95,0,Full Attendance
4ec3f970-956d-40e4-aaa2-6216fada98f5,95,0,Full Attendance
df41e335-b9ae-48e4-a615-99c8cbf81f86,95,0,Full Attendance
98cf1188-06d2-4913-a117-3719b023a0ea,95,0,Full Attendance
a7d4cf50-f791-41e5-83f9-cd6b797ebe87,95,0,Full Attendance
9416e4dc-c6b2-4def-b8d8-b7f1c86c6544,95,0,Full Attendance
0d259caa-b8ad-4d87-ba40-45dd93dfd907,95,0,Full Attendance
86341718-2ba6-4db3-bafe-b1149561c813,95,0,Full Attendance
c64c9647-9ea7-417c-b89f-7039a107cc46,95,0,Full Attendance
d25864f2-25d4-40fc-a154-2765d756ba9c,95,0,Full Attendance
9293f705-0815-4147-be00-980eae441e21,95,0,Full Attendance
30d73df7-1c22-4cea-b355-56a5f2bd92f2,95,0,Full Attendance
6b352f85-504e-4687-b0e7-e75604d9145e,95,0,Full Attendance
34323ec6-b0c4-401c-a9b7-c0fa26c432f6,95,0,Full Attendance
9c89d374-c664-45a7-8077-3e33690e7e62,95,0,Full Attendance
d92f3c1e-df70-4b2a-b8bb-22a5eba742d2,95,0,Full Attendance
b4adaf89-0ff1-4a9f-ba37-0623bc5fd4dd,95,0,Full Attendance
8f964685-3514-4890-84c8-6c4623595fa4,95,0,Full Attendance
7a768555-a987-4218-bf84-faef5336723b,72,23,Truancy
f4e95734-5052-4700-a077-96a38685abaa,95,0,Full Attendance
887b03e5-e980-4808-b5ac-824c2c55aef7,95,0,Full Attendance
ad05b912-5ab2-4d4a-8bd8-8fcd57a2be4e,95,0,Full Attendance
ae455cc6-b88e-430f-9e1e-994ac5a11f5c,95,0,Full Attendance
43ad3d62-b17c-4b21-8dbc-2c1ca4afe7bd,95,0,Full Attendance
f5141058-3138-4975-bbf3-3a349c2dfa97,95,0,Full Attendance
4c6a70f4-8ede-444d-876c-f68c3f1be0d0,95,0,Full Attendance
fb756923-f910-4bb3-b105-32523990e2c9,95,0,Full Attendance
b4746349-49fc-4cd8-856b-ad4c4c3077c4,95,0,Full Attendance
7d2f4e58-b47a-4c5b-b0b3-901535102852,95,0,Full Attendance
8f7c1d59-594b-4a3a-bad4-65a15129950d,95,0,Full Attendance
b8beff3d-cb9f-4f6d-af3a-6f27ef06fccb,95,0,Full Attendance
92cf6021-1f33-442d-89ac-908746015028,95,0,Full Attendance
e5508ea2-6133-434d-8b0e-8eb1ad371d9e,95,0,Full Attendance
585abefb-d181-4f77-a500-1423faebcd19,95,0,Full Attendance
257f7595-cdfb-4db9-85e7-8b23f4613f09,95,0,Full Attendance
f48f709c-49a2-4441-8ac4-de854a5b1aff,95,0,Full Attendance
ec8be537-58ab-4778-943b-45e3b6d1f6bb,95,0,Full Attendance
bf519362-41a6-4fed-a7ed-c8d8713f8f8c,95,0,Full Attendance
d3f4a49b-33ba-4a88-b6c7-d6fa7aa4f052,95,0,Full Attendance
8fe069b6-eeda-4802-8568-f42689e03e22,95,0,Full Attendance
1bf645f6-2324-4211-8588-fc1bb2384849,95,0,Full Attendance
3d4196fe-963a-4617-bdab-07e79d9d028e,95,0,Full Attendance
e7ba26ac-ab7a-4d1c-8cfe-f6833e11bafe,95,0,Full Attendance
3b9b2d45-a350-45e4-b9c5-9df987f255d6,95,0,Full Attendance
548e1f6b-69ce-4e4e-99a6-92c90d700ea4,95,0,Full Attendance
ae62990c-19bd-4f93-b8ef-7666b7a4c719,95,0,Full Attendance
f6eab3a0-0153-4221-a331-0a28c550eca8,95,0,Full Attendance
286ed390-edd9-4a1a-ba58-5b278ce3e7c3,95,0,Full Attendance
e1721c83-ef5e-4376-a723-fb72682b163a,95,0,Full Attendance
a689b424-7a3a-40e1-b9c7-73a0e0decc3d,95,0,Full Attendance
4988e418-f6c3-4218-8183-6315330f8be1,95,0,Full Attendance
0f25477d-a559-40e7-8910-fade52380bf2,95,0,Full Attendance
a6fd0cb1-16e6-45c0-84cb-294fe86e8e63,95,0,Full Attendance
bd1a8f4b-88ff-4d40-bb72-c86d92fa675f,95,0,Full Attendance
098c60b3-efc9-409e-99af-6e09b91e3d6e,95,0,Full Attendance
6afa828c-2cd1-4b9f-abe5-841fe9c96c52,95,0,Full Attendance
ef158d5b-2d00-4d05-966d-4627e1dace6a,95,0,Full Attendance
d61169a1-ff46-46bf-894d-916deb6d2fed,95,0,Full Attendance
2fb21e66-7ed1-4aab-89b7-c9bc65a16fa9,95,0,Full Attendance
df4e713e-f64e-4dfc-bfbe-ac7aefc59738,95,0,Full Attendance
0997623a-e072-4d96-8a1a-81f5ed10f004,95,0,Full Attendance
9a4ffc0c-9165-42ed-8c63-6e95025f5543,95,0,Full Attendance
55c551fc-fba5-4cc8-adaf-37661b780ede,95,0,Full Attendance
a42d0cd7-fd35-4f6a-b450-388748d90846,95,0,Full Attendance
e3a68a70-7e71-4b55-8639-bd418b15bd94,95,0,Full Attendance
811414f8-d9df-4d0e-a25a-ed6cf0458043,95,0,Full Attendance
cf0e6d2b-315c-467a-85d8-a6ad77d0359e,95,0,Full Attendance
bb2aa146-2999-494c-94a7-b69b1cd66b09,95,0,Full Attendance
b7f60cdf-41dc-4c60-a5f6-0735757b6b29,95,0,Full Attendance
564cfbd2-bc92-4d81-839b-058c2faabe0b,95,0,Full Attendance
aca58d95-915a-4c30-8b86-b5a1ca6fbff8,95,0,Full Attendance
9c678393-2ced-4c0d-b173-04b5c1dd484a,95,0,Full Attendance
67ce378f-e5a4-483b-a383-889adb2c6ac8,95,0,Full Attendance
53f30073-83e9-4ef4-ad7d-f5d0d3b59af7,95,0,Full Attendance
186b2880-ab54-4a15-a69d-01ff1634725b,95,0,Full Attendance
7a3a6e96-23ff-43d3-bb4f-b88a2f4dd219,95,0,Full Attendance
01bf9e73-3f80-4385-af92-40b652d78f10,95,0,Full Attendance
725d4259-3c4b-4eec-a231-ee7342c2d2eb,95,0,Full Attendance
546252e7-f43b-4052-8459-bd6ec0f63229,95,0,Full Attendance
92a81713-b90e-444b-951c-25d54d4c5280,76,19,Insecurity
5c0b9b10-a757-4b10-82f5-25b902ed73ce,95,0,Full Attendance
aaf407f7-0fe7-4149-bc7e-5368b1594847,95,0,Full Attendance
28e333b6-4e8a-4c4b-b724-20411e43fbd2,95,0,Full Attendance
ec50ace4-80a5-4e65-afa2-855967c96204,95,0,Full Attendance
c5144d98-b41c-404f-a346-f415e5267a2b,95,0,Full Attendance
a38295d3-1e0e-4546-b0b6-dedf4f9c4027,95,0,Full Attendance
5e175b66-4b87-459f-b0cd-7f05ea87855e,95,0,Full Attendance
f5159494-3818-4fd3-b889-936a9d5817e8,95,0,Full Attendance
74797b61-2737-4b52-ba6a-210722319050,95,0,Full Attendance
5fa5e0aa-9b11-4530-bd24-7c11bf6b8cdf,95,0,Full Attendance
e9ad0e9b-8c9a-41e9-b3b2-63376a74dbb7,95,0,Full Attendance
cd4f8b2b-899a-4252-81e1-b94a78883058,95,0,Full Attendance
c3093b6e-37e9-42e2-935a-c07aaa0217d0,95,0,Full Attendance
98874bfe-c136-4c65-ae2a-e3413f59e4f2,95,0,Full Attendance
86879aa9-14f5-43d0-8991-2032df85c777,95,0,Full Attendance
5c9deee0-b42a-4456-8736-5a84725e134d,95,0,Full Attendance
1cb9b73a-906d-4c8c-aad0-8c8913fe8a29,95,0,Full Attendance
e723ada3-8c32-4db2-942a-895e0fcf601f,95,0,Full Attendance
89628f6e-929c-43b3-b3c0-8bf18167999f,95,0,Full Attendance
dabf984e-53ff-4461-aa1f-1b61265cb9d9,95,0,Full Attendance
ae27d432-1dc1-47eb-b11c-767385351a69,95,0,Full Attendance
7d23d479-9549-4a82-b787-ef8d3495311e,95,0,Full Attendance
720b274b-82a7-4586-a61d-9cde1747f387,95,0,Full Attendance
21c71aa3-7414-43b5-8e3e-25f2cf0671c7,95,0,Full Attendance
905c7bdd-74f0-4eae-aa59-43ce836435e3,95,0,Full Attendance
ac3a812f-765e-4cb5-8f0d-55400ec7d662,95,0,Full Attendance
0592bfa5-b928-423f-8ee4-334ece920136,95,0,Full Attendance
00c59f30-d103-4424-8124-1bb4655ce508,95,0,Full Attendance
12b2102d-940c-4503-b7c8-6152beed0af9,95,0,Full Attendance
b34c6c73-5833-4b30-ac77-6e950b981ccd,95,0,Full Attendance
0f6ce9bf-fe7e-4362-8a89-b0f0105291d3,95,0,Full Attendance
fc737d92-11ab-4d11-a4eb-8000ef40d162,95,0,Full Attendance
497ec6d1-081f-46dc-b8d9-a88aef0bea4f,95,0,Full Attendance
22ab7752-c4db-4a62-ae13-418d68ab80ea,95,0,Full Attendance
bab2b77d-fa74-4cc8-a43a-fb7ac40d4874,95,0,Full Attendance
5fdcabbf-6b9c-471c-b6ba-745ba55871e3,95,0,Full Attendance
72d35458-61ea-4f30-a42e-707afe2bd987,95,0,Full Attendance
60a399d4-e821-4716-aac8-0da1de9f6f5b,95,0,Full Attendance
f6d22a7b-aec7-4a82-948b-4376602a4e57,95,0,Full Attendance
220b9ea9-8a0f-4508-9fe2-c0a0a96b3c42,95,0,Full Attendance
1e5ebe54-5907-4299-9c3b-bdd8a74e02a9,95,0,Full Attendance
649f7d88-8989-45ab-be2b-34d82db0728d,95,0,Full Attendance
fa8dae42-ba54-4920-a099-d18087623997,95,0,Full Attendance
c194f97f-00e3-4026-95b6-de85390239d9,95,0,Full Attendance
76876c62-4c61-445e-ba7e-5d9405d1fb63,95,0,Full Attendance
6c93a791-8b60-4511-b816-8aebac6a7c85,95,0,Full Attendance
3acb43a3-d2c7-4ffb-a118-433b882ccd1e,95,0,Full Attendance
27b608dc-589d-4cb0-b5eb-89c23f5cf2f3,95,0,Full Attendance
e00da49d-effa-4002-b040-413c4690fb15,95,0,Full Attendance
083f64c3-1ce3-42f8-83f7-25feb99b2b5a,95,0,Full Attendance
9d6b9b62-6b53-4a19-a902-b73fcf39f648,95,0,Full Attendance
e39836bb-e23d-4faa-afad-49e9c41c147e,95,0,Full Attendance
1139fa12-34c1-43ea-bd9c-4e6404015ced,95,0,Full Attendance
7249f62c-0898-4462-980c-b95c19d45deb,95,0,Full Attendance
df495037-b40a-4181-ac09-bdb799086e47,95,0,Full Attendance
0b531932-bd94-49aa-bea6-e5b20c760d28,95,0,Full Attendance
8a2db2e6-3bfd-48a6-b05f-ddf566fadca0,95,0,Full Attendance
c6ac1b04-dd1d-4cd1-811f-6bf5379ef467,95,0,Full Attendance
fe54ee4b-80ff-4173-a3df-ecd70e731dd7,95,0,Full Attendance
ea98fef8-d0d7-4e37-bbf2-025f4a0d2b73,95,0,Full Attendance
93d563ae-51a3-4c26-937b-f79bbb44badc,95,0,Full Attendance
d18183d1-ac2b-4cfc-85c5-1060991121e7,95,0,Full Attendance
e0527739-4d40-4f1b-bca5-be2952171bf3,95,0,Full Attendance
8570b59f-a903-4e67-bc56-8b5324acb722,95,0,Full Attendance
46707cd6-4ced-4164-a9df-14e9389641dd,95,0,Full Attendance
97777f10-f2d2-493f-8e85-140d0f9aeb70,95,0,Full Attendance
2cd58759-e95d-4761-bc36-dc59e134edfc,95,0,Full Attendance
8e4c3ab5-6d5d-4477-adc2-9178a0411612,95,0,Full Attendance
582b91ee-f8e8-435b-8c00-988a7ee1011a,95,0,Full Attendance
61935990-abdd-4a8f-a4b0-5c89f10bce9c,61,34,School fees drive
b2414482-5198-44d8-8643-3603c92a7d7c,95,0,Full Attendance
4cc57e0d-2633-4018-a883-ac6e6a944054,95,0,Full Attendance
89b5aab0-c121-49db-af12-b150605fb1eb,95,0,Full Attendance
39b02e2a-d96e-484f-bdb0-174e7938878a,95,0,Full Attendance
24f43c62-b523-40de-9b87-d29c4cfd0fc1,95,0,Full Attendance
0ec0713d-ea2c-4a51-b688-d11fce4758be,95,0,Full Attendance
6aa0426d-f7c0-45f7-a9a5-3b4f8ff8869d,95,0,Full Attendance
636f6e5c-2253-4706-87ad-8b268eaa5841,95,0,Full Attendance
548c1d84-340d-4049-8147-65063e2bf9c9,95,0,Full Attendance
73253aa3-ec17-4298-943d-f5b3a58e83dd,95,0,Full Attendance
891f6912-17ab-4863-9efe-ef4fd8ddbbc0,95,0,Full Attendance
0d31812e-30c3-4756-9453-f867b97e6224,95,0,Full Attendance
9adf4709-ac75-4344-a08e-149e44b9e602,95,0,Full Attendance
12a1fe7d-dfa5-4722-8a1f-c9df9a591974,95,0,Full Attendance
966be275-c2fe-4954-8dfd-9531302b7831,95,0,Full Attendance
378e6510-8f10-433e-abe4-2e7db96c1163,95,0,Full Attendance
e8334da5-de95-4695-b579-c1437ab99428,95,0,Full Attendance
e8b3d763-f4ff-4f3a-8d9d-baeb553d2625,95,0,Full Attendance
30a5648e-efe9-43d0-b639-08bf03ece8ff,95,0,Full Attendance
bf337a15-1e08-4f20-bdd1-51b0f64ab6ec,95,0,Full Attendance
ea18d32c-7a9a-4ef5-811b-d1c4ffe3f366,95,0,Full Attendance
b42a2d93-9aba-4f15-b214-90623e1a963e,62,33,Other
3d44cb2c-ea45-4a41-a589-ada1345af934,95,0,Full Attendance
48769153-c688-43fe-9255-5c758d55119e,95,0,Full Attendance
a6129a1c-889d-4b76-b75c-30b561730c48,95,0,Full Attendance
5c11ab6d-42f5-43f5-8ef4-c34d5bf86f3c,95,0,Full Attendance
774c0afa-7f4d-408c-a1ff-f6c08347f1da,95,0,Full Attendance
b8f0188e-fb37-4fae-8d85-63ca193e638d,95,0,Full Attendance
51facefa-d6f8-4f7a-82fa-1da878308631,95,0,Full Attendance
501ba851-5ee6-4495-b400-29c3ea11905b,95,0,Full Attendance
dd34aa18-9001-4ed4-8bb4-01e769f753f1,95,0,Full Attendance
0426fcc9-255b-40e2-bdc2-b74b38a56b49,95,0,Full Attendance
95831d58-ef4c-4119-8da5-d39b42c21797,95,0,Full Attendance
4b91b8cb-6ae6-4582-b852-b3cd9442b5e6,95,0,Full Attendance
3ae28023-5472-4d2d-b239-9ffb27046f25,95,0,Full Attendance
3ee82983-d557-4241-91dd-b9bf613d2de9,95,0,Full Attendance
f186e47a-a794-4320-8cf6-e8b87fd238c3,95,0,Full Attendance
c36b9a0a-41e0-4a89-966a-9ce7af521b94,95,0,Full Attendance
b93b17fb-f76d-45fd-bd16-45a0d253d966,95,0,Full Attendance
75f8e3a8-7d97-4c0f-bd56-09c4a4461663,95,0,Full Attendance
5a2837b2-cb83-43f2-bb96-f6022b115c36,95,0,Full Attendance
8bea75c1-b866-47aa-a3d4-526b2b54ff7a,84,11,Illness
e3ad64d4-eab9-4b02-af1d-c1217d024c6d,95,0,Full Attendance
f50d7a37-a44d-4fec-bd85-d7fa8ac97b01,95,0,Full Attendance
d6cd3155-08a8-4c7f-8621-38ad0f09105c,95,0,Full Attendance
d1682e09-f1f7-4904-9307-5157d8c128e7,95,0,Full Attendance
01a25ed1-c3ab-45f1-8c6b-7074ab102c9b,95,0,Full Attendance
a175a9c3-d7b1-42a9-a332-a50e6992896e,95,0,Full Attendance
26a9e100-b509-409b-9166-58ce3b3f3800,95,0,Full Attendance
74bd0c93-8177-4661-b7fe-032c02571851,95,0,Full Attendance
a3422e50-9e2a-4324-8f79-a8a75f8a14bd,95,0,Full Attendance
e9aa144b-9dd4-4675-af14-5064aab07015,95,0,Full Attendance
0406ff44-7ce4-4679-a8c6-dbc07bb3447b,95,0,Full Attendance
694d7b00-8d38-4327-883f-13c601b158e9,95,0,Full Attendance
b8e19f56-8787-4a21-8448-2a220308aa5e,95,0,Full Attendance
49646b96-fa3c-4628-8926-21df465568b7,95,0,Full Attendance
b2a6e468-d02b-4243-8091-3ac10463750e,95,0,Full Attendance
f090f5a0-ce61-4199-ae3a-0ba8ac8d6c7d,83,12,Insecurity
eb053fc4-1b65-4dab-ade4-6e91e8e6e840,95,0,Full Attendance
3db02235-261e-4555-863e-1f2a18a806ef,95,0,Full Attendance
409e7a80-86c5-41d6-9ea9-f50831227592,95,0,Full Attendance
cb80f288-446f-44dd-9abc-a6e5d0b1e3eb,95,0,Full Attendance
f5948a54-5f80-4eeb-943a-9aff659b0105,95,0,Full Attendance
3e42df5b-90a3-4bbf-b580-e05067f1698c,95,0,Full Attendance
4ccb2355-39d1-47ff-b27e-1442fd7fe973,95,0,Full Attendance
14a34f7f-d90d-419b-93fb-e043af1d5a1a,95,0,Full Attendance
a65f7b8a-dbb4-4021-bdde-64afa75b395a,95,0,Full Attendance
67c0518b-17ef-4621-881c-79d4c27437eb,95,0,Full Attendance
